path	sha256	bytes	source_commit
contract/audio_features_v1.h	ef11e6a832e32ce736a8005d1faf172ae67a477827dc5b990a6daf8b5f38f2c3	2775	6b1e7bc5c9f9871e6ea4e900455bcb37d756304a
core/audio/audio_rate_config.h	581448d23107ee70c1fe38e2e06d51eec482ea2acdf18275cf6a76d39505b558	2087	6b1e7bc5c9f9871e6ea4e900455bcb37d756304a
core/audio/media_time.h	234dfdbc9fed48cf52de9ba26ca1cda2a08b4174c1c2bdcf777ac84186bcb63d	8575	6b1e7bc5c9f9871e6ea4e900455bcb37d756304a
core/audio/media_time.cpp	9ddb32465f96c74701ec6d4da4e437a38b2587e61f5e78c87524bdf8221feaff	3394	6b1e7bc5c9f9871e6ea4e900455bcb37d756304a
core/audio/musical_time.h	7d822d83ce34bd589ca25cab3f030ae5d22cb0885c34db5085b90928b93a8de7	8501	6b1e7bc5c9f9871e6ea4e900455bcb37d756304a
core/audio/musical_time.cpp	82f4bd8ef594841ab88fe1812ad4c14a8cf49e9af039faa36e3a76302cd38a95	9007	6b1e7bc5c9f9871e6ea4e900455bcb37d756304a
core/audio/clock_affine.h	482a659f26ecbf1d8cb83bf93e50e5b508992b68ea339f4e589aba4586168c8a	3593	6b1e7bc5c9f9871e6ea4e900455bcb37d756304a
core/audio/clock_affine.cpp	29405dc3766b983d7e4461d7da19fa4785d25b3af1f98ce23a72f585cc7bdb5f	6554	6b1e7bc5c9f9871e6ea4e900455bcb37d756304a
core/audio/clock_exchange.h	8c0fe2ac616ce9411c44905e8c904b215cb1c10f1f45ef524927f4465826f675	2190	6b1e7bc5c9f9871e6ea4e900455bcb37d756304a
core/audio/clock_exchange.cpp	3fc5457a3401fc0c294e2cbfd3f00eda2dcfb8131dbe5741d1955351af244125	3352	6b1e7bc5c9f9871e6ea4e900455bcb37d756304a
core/audio/peer_clock_sync.h	e574c49bc56bf735873b7f9366cc0e753deff7f5bf7df69da0b92fd0e7dca233	2783	6b1e7bc5c9f9871e6ea4e900455bcb37d756304a
core/audio/peer_clock_sync.cpp	46e339b5818593ea1225774d5c0fd2a9d750ae75b7497c445cbde3ed1fce26bc	3123	6b1e7bc5c9f9871e6ea4e900455bcb37d756304a
core/system/media_time_correlation.h	e59153c54fa70c24a28ff95e5fcff6af5819aae51c038a0da626ce9f97f9bf75	2227	6b1e7bc5c9f9871e6ea4e900455bcb37d756304a
core/system/media_time_correlation.cpp	e7ff45aa3e0becff088ed4898056e2782eca4cb747cc8539011edc0d7f662eef	5760	6b1e7bc5c9f9871e6ea4e900455bcb37d756304a
core/system/realtime_render_scheduler.h	4bab337dd03cf8511f45d058119bdf1e4b7f7f311e24b9bc49f78d302b16f2f0	3117	6b1e7bc5c9f9871e6ea4e900455bcb37d756304a
core/system/realtime_render_scheduler.cpp	f581736d8abb4fc93c7b2a4623cfea927dc228cc4fc7bf6ab7e156737da20a02	4104	6b1e7bc5c9f9871e6ea4e900455bcb37d756304a
core/audio/gdft_goertzel.h	cb25ece2b9cef17c0c9026bffe75ceb23254a41978546e8a0a22f1440a4d1a21	2413	6b1e7bc5c9f9871e6ea4e900455bcb37d756304a
core/audio/gdft_goertzel.cpp	284d8ab56e235b5ebdaf780edae633e0ca726daf37e98ead8ac4622987ad8084	9067	6b1e7bc5c9f9871e6ea4e900455bcb37d756304a
core/audio/gdft_postprocess.h	f58d1ba0c0620e68cbbbac8ba5b911a4f7fda59261ae5b8f7d7d25f724bcb9fc	2745	6b1e7bc5c9f9871e6ea4e900455bcb37d756304a
core/audio/gdft_postprocess.cpp	0ca6b4b47a4bc3df9bf6ee8f1185113e460de5dd7a04a018c72792929c3ed76d	10663	6b1e7bc5c9f9871e6ea4e900455bcb37d756304a
core/audio/chord_detect.h	1bb4156d5bbe8333e8d00b5c4f8b3fd55af56e433e0d7f2ad7bd9e3d938821f8	604	6b1e7bc5c9f9871e6ea4e900455bcb37d756304a
core/audio/chord_detect.cpp	2ad2a530b882a271823dd668138d10d6b45e56340f1957602fe0c6903f1974e1	2361	6b1e7bc5c9f9871e6ea4e900455bcb37d756304a
core/audio/onset_beat.h	060b6389a14a598c03e2b03cc9482c869a0849ceee8b90924901a99dc2e73aa1	4061	6b1e7bc5c9f9871e6ea4e900455bcb37d756304a
core/audio/onset_beat.cpp	0da74c63816d97bb5805af2766ca96de1daadc4c1ffbf32e8bff797d82019ec5	19550	6b1e7bc5c9f9871e6ea4e900455bcb37d756304a
core/audio/tempo_acf.h	17698236599ce46fe05c0f0cffa1c918cf165b05b47c7ebbb4217d0eb6c13344	1493	6b1e7bc5c9f9871e6ea4e900455bcb37d756304a
core/audio/tempo_acf.cpp	c70a9bfa30a7c716fa4028791ba845b2d3837f11db35f7ab7f7bd35d97caaceb	5979	6b1e7bc5c9f9871e6ea4e900455bcb37d756304a
core/audio/tempo_tracker.h	d5eb1aab842bf4b035b2e9b83e65696ce35d84f2e55fc725a8fd96e7cab98b32	3705	6b1e7bc5c9f9871e6ea4e900455bcb37d756304a
core/audio/tempo_tracker.cpp	76d49284b69702c2544617a11b6830133ea411d0cc0fc5f82a19a51ddb12e5ea	23188	6b1e7bc5c9f9871e6ea4e900455bcb37d756304a
core/audio/musical_saliency.h	db123366ea35803fc3ff24b4eacf2961c58416aeb83082fa3fa0521d4bd2f0ec	1720	6b1e7bc5c9f9871e6ea4e900455bcb37d756304a
core/audio/musical_saliency.cpp	530a523c995fcdc204d9f06a8105a686a64d4aea613792d50dce348c0783c801	9197	6b1e7bc5c9f9871e6ea4e900455bcb37d756304a
core/audio/audio_pipeline.h	2206ebb60ec0ec30d2a5c3e7c96b65114a0afd3b6e58c8cb231de6f71bf48189	1896	6b1e7bc5c9f9871e6ea4e900455bcb37d756304a
core/audio/audio_pipeline.cpp	fcce06cf9f723b5c313870aed880fe23365f312791142d015b15c8013681d7bb	7773	6b1e7bc5c9f9871e6ea4e900455bcb37d756304a
core/visual/channel_render_state.h	7683987320dbf5a462c9a9ec4f9794b0fc666335284e6bf22a3d6c437f04684c	3789	6b1e7bc5c9f9871e6ea4e900455bcb37d756304a
core/visual/channel_render_state.cpp	565b601a0a7286d9519b3cce447410b4db699e1204d1dcdcd6e98ff3aa53c15a	502	6b1e7bc5c9f9871e6ea4e900455bcb37d756304a
core/visual/audio_focus.h	b12e9c01909ca41ed08d1f4f82a1de288db48b0cf51e5d94705ea51c30a74c4c	1085	6b1e7bc5c9f9871e6ea4e900455bcb37d756304a
core/visual/audio_focus.cpp	92400bf0d04709cf6aa3cd19b48a186cdee37aa174468b55acb8b77525098fb0	4340	6b1e7bc5c9f9871e6ea4e900455bcb37d756304a
core/visual/product_output_treatment.h	67360e847702b8d858ae9a074ced3411dfd885030a35f3cf4760d2235800ac74	617	6b1e7bc5c9f9871e6ea4e900455bcb37d756304a
core/visual/product_output_treatment.cpp	5f5c9df4f05c47ddaea33d0dabad526e4ccb5e2655e0f06ca16fa26bb818fe2e	5327	6b1e7bc5c9f9871e6ea4e900455bcb37d756304a
core/visual/product_effect_renderer.h	113861f248bec2e0d3f0e340cfb4b23d59a3b71ee32e39c4ea038128054acb76	437	6b1e7bc5c9f9871e6ea4e900455bcb37d756304a
core/visual/product_effect_renderer.cpp	3029f968231ed745baf03cc7443aadcc67f3d02d318b5059b68c9a1888b9befd	84873	6b1e7bc5c9f9871e6ea4e900455bcb37d756304a
core/visual/visual_audio_frame.h	9a7d13c40045c2ebfd37fc5a7104be3d28ff48796543d879e1412099bde0505e	1087	6b1e7bc5c9f9871e6ea4e900455bcb37d756304a
core/visual/visual_audio_frame.cpp	e13a7d5c522357ba524b18a648748ab261ca72b8ba5c2c9d0363ccd05ccef098	1126	6b1e7bc5c9f9871e6ea4e900455bcb37d756304a
core/visual/product_palette.h	9bf34fb30443599538acaefad05805e0e18ff211edbc266ec7e343b776116cda	1258	6b1e7bc5c9f9871e6ea4e900455bcb37d756304a
core/visual/product_palette.cpp	9325af165bc9efb2fbbad71333da1dc030741441a412acf2d0052dbc000360df	5908	6b1e7bc5c9f9871e6ea4e900455bcb37d756304a
core/visual/fastled_colour_compat.h	c5d79a314f1708b96b345553c4b52128c777a1526fb7e73795e6afb716f2f1c8	609	6b1e7bc5c9f9871e6ea4e900455bcb37d756304a
core/visual/fastled_colour_compat.cpp	5b5f036dfcbabf6adf705789f7a0ce2cdac05ae7f9ca94f293ca9e88f78baef4	9141	6b1e7bc5c9f9871e6ea4e900455bcb37d756304a
core/visual/product_catalogue.h	aacf2ef8379b53bfbbbf34d657aca30fd26f7e7c92f0246d0e70116274536871	878	6b1e7bc5c9f9871e6ea4e900455bcb37d756304a
core/visual/product_catalogue.cpp	6154c0ec84c8581e696235a22a0504db436099bb717512876489c266173edff2	2767	6b1e7bc5c9f9871e6ea4e900455bcb37d756304a
core/visual/pixel_topology.h	c382ed158445fb81a1a5b10c76a56a6cb3a31dae21dbed06afc5892026e4d3a3	995	6b1e7bc5c9f9871e6ea4e900455bcb37d756304a
core/visual/channel_effect_state.h	359b3bd5f1345df51fc883606af1f89c8520ba971bdc56d9cc0e4c2c04a8392e	5264	6b1e7bc5c9f9871e6ea4e900455bcb37d756304a
core/visual/product_palette_data.cpp	f4df31d112f587c39a4d23bb34799b7cff937ae54207a1ec7dc984c85d609060	31537	6b1e7bc5c9f9871e6ea4e900455bcb37d756304a
core/pixel.h	fe1217ae461b8ca14b3e66d77359a5b49ade1f73ee343afae1ccb4fe702c6fed	1430	6b1e7bc5c9f9871e6ea4e900455bcb37d756304a
